a_ciegas	negative
a_dedo	negative
a_dos_velas	negative
a_duras_penas	negative
a_flote	positive
a_grito_pelado	negative
a_huevo	positive
a_la_deriva	negative
a_la_moda	positive
a_la_sombra	negative
a_mamarla	negative
a_mí_plin	negative
a_pesar_de	negative
a_salvo	positive
a_todo_correr	negative
a_tope	positive
a_trancas_y_barrancas	negative
a_viva_voz	negative
abajo	negative
abandonado	negative
abandonar	negative
abandono	negative
abaratar	negative
abatido	negative
abatirse	negative
abdicar	negative
aberración	negative
abofetear	negative
abogar_por	positive
abominable	negative
abominación	negative
abordar	negative
aborrecer	negative
aborrecimiento	negative
aborto	negative
abrasador	negative
abrazar	positive
abrazarse	positive
abrazo	positive
abrazooooo	positive
abrazos	positive
abrumar	negative
absentismo	negative
absolver	positive
absorbente	positive
absurdamente	negative
absurdo	negative
abuchear	negative
abucheo	negative
abundancia	positive
abundante	positive
abundar	positive
aburrido	negative
aburrimiento	negative
aburrir	negative
abusar_de	negative
abusica	negative
abusivo	negative
abuso	negative
abyectamente	negative
abyecto	negative
acalorado	negative
acatar	positive
acceder	positive
accidente	negative
acelerar	positive
aceptable	positive
aceptación	positive
aceptar	positive
acepto	positive
acertadamente	positive
acertado	positive
acertar	positive
achachay	positive
achalay	positive
achantado	negative
achaque	negative
achuchón	positive
aciago	negative
acierto	positive
aclamación	positive
aclamar	positive
aclarar	positive
aclararse	positive
acobardar	negative
acocojada	negative
acogedor	positive
acoger	positive
acoger_con_agrado	positive
acogida	positive
acojonado	negative
acomodarse	positive
acongojar	negative
aconsejable	positive
acordar	positive
acortarse	negative
acosar	negative
acoso	negative
acritud	negative
activo	positive
acuchillar	negative
acuerdo	positive
acusación	negative
acusar	negative
acusica	negative
adaptarse	positive
adecuadamente	positive
adecuado	positive
adelante	positive
adherente	positive
adherido	positive
adhesión	positive
adicción	negative
adicto	negative
adivinar	positive
adiós	negative
adjudicar	positive
admirable	positive
admiración	positive
admirador	positive
admirar	positive
admitir	positive
adoctrinamiento	negative
adorable	positive
adoración	positive
adorar	positive
adornar	positive
adulación	positive
adular	positive
adulteración	negative
adulterado	negative
adulterar	negative
adulterar_con_drogas	negative
adversario	negative
adversidad	negative
adverso	negative
advertencia	negative
afabilidad	positive
afable	positive
afanar	negative
afectado	negative
afectar	negative
afecto	positive
afectuoso	positive
afición	positive
afinidad	positive
afirmación	positive
afirmar	positive
aflicción	negative
afligidamente	negative
afligido	negative
afligir	negative
afligirse	negative
afortunadamente	positive
afortunado	positive
afrenta	negative
afrentar	negative
afuera	negative
agarrada	negative
agarrado	negative
agasajar	positive
agilidad	positive
agilmente	positive
agitación	negative
agitado	negative
agitador	negative
agolpamiento	negative
agotado	negative
agotador	negative
agotadoramente	negative
agotamiento	negative
agotar	negative
agradable	positive
agradablemente	positive
agradar	positive
agradecer	positive
agradecido	positive
agradecimiento	positive
agravamiento	negative
agravar	negative
agravio	negative
agredir	negative
agresivo	negative
agresión	negative
agresor	negative
agriamente	negative
agrietar	negative
agrietarse	negative
aguantar	negative
aguijón	negative
agusto	positive
ahogar	negative
ahogarse	negative
ahuecar_el_ala	negative
ahuyentar	negative
airado	negative
airar	negative
aislado	negative
ajeno	negative
ajetreado	negative
ajuste	negative
alabanza	positive
alabar	positive
alarma	negative
alarmante	negative
alarmantemente	negative
alarmar	negative
alborotado	negative
alborotador	negative
alboroto	negative
alcista	positive
alegrar	positive
alegrarse	positive
alegre	positive
alegremente	positive
alegro	positive
alegría	positive
aleluya	positive
alentador	positive
alentadoramente	positive
alerta	negative
aliado	positive
aliar	positive
aliarse	positive
aliciente	positive
alienación	negative
alienar	negative
alimentar	positive
alirón	positive
aliviar	positive
alta_calidad	positive
alterado	negative
altercado	negative
altruista	positive
alucinación	negative
alucinar	negative
alucinar_en_colores	negative
alud	negative
alza	positive
amabilidad	positive
amable	positive
amablemente	positive
amado	positive
amalaya	negative
amar_a	positive
amargadamente	negative
amargado	negative
amargamente	negative
amargar	negative
amargo	negative
amargura	negative
ambicioso	positive
ambición	positive
ambiguo	negative
ambigüedad	negative
ambivalente	negative
amenamente	positive
amenaza	negative
amenazador	negative
amenazadoramente	negative
amenazar	negative
ameno	positive
amigo	positive
amistad	positive
amistoso	positive
amnistía	positive
amonestación	negative
amonestar	negative
amor	positive
amor_propio	positive
ampliar	positive
amplio	positive
ampolla	negative
ampollar	negative
ampollarse	negative
ampuloso	negative
amputar	negative
analfabeto	negative
andrajoso	negative
angustia	negative
angélico	positive
animado	positive
animar	positive
animarse	positive
animosidad	negative
aniquilación	negative
aniquilar	negative
anomalía	negative
anormal	negative
ansiedad	negative
ansioso	negative
antagonismo	negative
antagonista	negative
anticipar	positive
anticuado	negative
antihigiénico	negative
antinatural	negative
antipatico	negative
antipaticos	negative
antipatía	negative
antipático	negative
antojadizo	negative
antro	negative
anular	negative
anómalo	negative
apabullar	negative
apacible	positive
apaciguar	positive
apagado	negative
apalear	negative
aparentar	negative
apasionadamente	positive
apasionado	positive
apasionante	positive
apasionantemente	positive
apatía	negative
apenado	negative
apenas	negative
apestar	negative
apestoso	negative
apetecer	positive
apiñarse	negative
aplacar	positive
aplastar	negative
aplaudir	positive
aplicado	positive
apogeo	positive
apostar_por	positive
apoyar	positive
apoyarse	positive
apoyo	positive
apreciable	positive
apreciación	positive
apreciado	positive
apreciar	positive
apreciar_mucho	positive
aprecio	positive
apremiante	negative
apresurado	negative
apretar	negative
aprieto	negative
aprobación	positive
aprobado	positive
aprobar	positive
apropiadamente	positive
apropiado	positive
aprovechar	positive
aptitud	positive
aptitudes	positive
apto	positive
apuesta_segura	positive
apuro	negative
apuñalar	negative
apático	negative
arbitrario	negative
arcaico	negative
arder	negative
ardid	negative
arduo	negative
arisco	negative
aristocrático	positive
armarla	negative
armoniosamente	positive
armonioso	positive
armonía	positive
arpía	negative
arrancar	negative
arrarray	negative
arrastrada	negative
arrastrado	negative
arrebatamiento	negative
arrebatar	negative
arreglado	positive
arreglar	positive
arremeter	negative
arrepentido	negative
arrepentirse_de	negative
arriba	positive
arriesgado	negative
arriesgar	negative
arrogancia	negative
arrogante	negative
arrogantemente	negative
arropar	positive
arruinar	negative
arsa	positive
arte	positive
artimañas	negative
artista	positive
asaltacunas	negative
asaltar	negative
asalto	negative
ascendente	positive
ascender	positive
ascendiente	positive
asco	negative
aseado	positive
asediar	negative
asegurar	positive
asentarse	positive
asentimiento	positive
asentir	positive
asequible	positive
asesinar	negative
asesinato	negative
asesino	negative
asfixiar	negative
asfixiarse	negative
asiduo	positive
asignar	positive
asombrar	positive
asombrarse	positive
asombro	positive
asombrosamente	positive
asombroso	positive
aspereza	negative
aspiración	positive
aspirar	positive
asquerosamente	negative
asqueroso	negative
astucia	positive
astutamente	positive
astuto	positive
asustar	negative
asustarse	negative
atacar	negative
ataque	negative
ataque_de_histeria	negative
ataque_violento	negative
atascar	negative
atatay	positive
atemorizar	negative
atención_exquisita	positive
atentado	negative
atentamente	positive
atento	positive
aterrorizar	negative
atestar	negative
atontar	negative
atormentar	negative
atosigar	negative
atracción	positive
atraco	negative
atractivo	positive
atraer	positive
atrasado	negative
atrasarse	negative
atrayente	positive
atreverse	positive
atrevidamente	positive
atrevido	positive
atrevimiento	positive
atrocidad	negative
atrofiar	negative
atropellar	negative
atropello	negative
atroz	negative
atrozmente	negative
atrás	negative
aturdimiento	negative
aturdir	negative
atónito	negative
audacia	positive
audaz	positive
audazmente	positive
aumentar	positive
aumento_en_valor	positive
ausente	negative
austeridad	negative
autenticamente	positive
autoritario	negative
autorizado	positive
autorizar	positive
auténtico	positive
autónomo	positive
avalancha	negative
avance	positive
avance_importante	positive
avanzado	positive
avanzar	positive
avaramente	negative
avaricia	negative
avaro	negative
aventajar	positive
aventura	positive
aventurero	positive
avergonzado	negative
averiarse	negative
aversión	negative
avería	negative
avezar	positive
avidamente	positive
avivar	positive
avivarse	positive
axfisiante	negative
ay_de_mí	negative
ayuda	positive
ayuda_económica	positive
ayudar	positive
azotar	negative
azote	negative
azucarar	positive
año_catapún	negative
año_de_la_pera	negative
añorar	negative
aúpa	positive
baba	negative
bacanal	positive
bache	negative
bah	negative
bailar	positive
baile	positive
baja	negative
baja_calidad	negative
bajo	negative
bajon	negative
bajón	negative
balbucear	negative
baldada	negative
baldado	negative
baldao	negative
baldío	negative
banal	negative
bandazo	negative
banzai	positive
barato	positive
barbaridad	negative
barbullar	negative
barco_naufragado	negative
barrote	negative
bastardo	negative
basto	negative
bastorra	negative
bastorro	negative
basura	negative
bazofia	negative
beatificar	positive
beca	positive
belicoso	negative
beligerante	negative
beligerantemente	negative
bellamente	positive
belleza	positive
bello	positive
bendecir	positive
bendición	positive
bendito	positive
benefactor	positive
beneficiar	positive
beneficiario	positive
beneficiarse	positive
beneficio	positive
beneficiosamente	positive
beneficioso	positive
benevolencia	positive
benigno	positive
benéfico	positive
benévolo	positive
berrinche	negative
besar	positive
besarse	positive
besitos	positive
beso	positive
besos	positive
bestia	negative
bestial	negative
bien	positive
bien_arreglado	positive
bien_definido	positive
bien_educado	positive
bien_intencionado	positive
bien_m	positive
bien_situado	positive
bienes	positive
bienestar	positive
bienvenida	positive
bienvenido	positive
bienvenidos	positive
birlar	negative
birria	negative
blanquear	negative
blasfemar	negative
blasfemia	negative
blasfemo	negative
bloquear	negative
bloqueo	negative
bobo	negative
bocata	negative
bocazas	negative
bochornoso	negative
bodrio	negative
bofetada	negative
boicot	negative
boicotear	negative
boludo	negative
bombardear	negative
bondad	positive
bondadosamente	positive
bondadoso	positive
bonito	positive
borde	negative
borracho	negative
borrar	negative
borroso	negative
borrón	negative
bostezar	negative
bostezo	negative
bravo	positive
brecha	negative
bribón	negative
brillante	positive
brillantemente	positive
brillantez	positive
brillar	positive
brillo	positive
brindar	positive
brindar_por	positive
brindis	positive
bromear	negative
bronca	negative
bronco	negative
bruja	negative
bruscamente	negative
brusco	negative
brutalidad	negative
brutalmente	negative
bruto	negative
bss	positive
buen	positive
buena	positive
buena_voluntad	positive
buenas	positive
buenas_noches	positive
buenisima	positive
buenisimas	positive
buenisimo	positive
buenisimos	positive
bueno	positive
buenos	positive
buenos_dias	positive
buenos_días	positive
buenosdias	positive
buenosdías	positive
buens	positive
buenísima	positive
buenísimo	positive
buf	negative
bufar	negative
bufón	negative
buitre	negative
bujarra	negative
bula	positive
bullicioso	negative
burla	negative
burlarse	negative
burlarse_de	negative
burlón	negative
buscar_evasivas	negative
bárbaro	negative
caballeriza	positive
caballero	positive
caballerosidad	positive
caballeroso	positive
cabestro	negative
cabeza_de_turco	negative
cabrear	negative
cabrearse	negative
cabrón	negative
caca	negative
cachete	negative
caco	negative
caducar	negative
cadáver	negative
caer	negative
caer_gordo	negative
caerse	negative
cagarse	negative
caguendiós	negative
cagueta	negative
calabozo	negative
calamidad	negative
calcinar	negative
calcular_mal	negative
calidad	positive
calidad_positiva	positive
calidamente	positive
calidez	positive
caliente	positive
calma	positive
calmar	positive
calmarse	positive
calumnia	negative
calumniar	negative
calumnioso	negative
calurosamente	positive
calzonazos	negative
camarada	positive
camelar	negative
campeón	positive
canalla	negative
canastos	negative
cancelar	negative
canela_fina	positive
canijo	negative
cansado	negative
cansancio	negative
cansar	negative
cansarse	negative
cansina	negative
cansino	negative
cante	negative
caníbal	negative
caos	negative
capacidad	positive
capacitado	positive
capaz	positive
capitular	negative
caprichosamente	negative
caprichoso	negative
caracho	negative
caracoles	negative
caradura	negative
carajo	negative
caramelo	positive
carecer_de	negative
carencia	negative
carente_de	negative
cariarse	negative
caricaturizar	negative
caridad	positive
caries	negative
carisimo	negative
carismático	positive
caritativo	positive
cariño	positive
cariñosamente	positive
cariñoso	positive
caro	negative
carísimo	negative
caso_omiso	negative
castigar	negative
castigo	negative
cataclismo	negative
catarro	negative
cate	negative
cateta	negative
cateto	negative
catástrofe	negative
causar_molestia_a	negative
causticamente	negative
cautivar	positive
cautivo	negative
caza	negative
caída	negative
caótico	negative
ceder	negative
cegar	negative
ceguera	negative
celebración	positive
celebrar	positive
celestial	positive
celos	negative
celoso	negative
cenit	positive
censura	negative
censurar	negative
cerebro	positive
cerrar	negative
certeramente	positive
certero	positive
ceño	negative
ceñudo	negative
chachi	positive
chafar	negative
chafarse	negative
chalado	negative
chantaje	negative
chapado_a_la_antigua	negative
chapero	negative
chapucear	negative
chapucero	negative
chapuza	negative
charlatán	negative
charnega	negative
charnego	negative
chasco	negative
chiflado	negative
chillar	negative
chillido	negative
chillón	negative
chinche	negative
chinga_tu_madre	negative
chingon	negative
chirria	negative
chirrian	negative
chirriante	negative
chirriar	negative
chirrido	negative
chismes	negative
chispa	positive
chisporrotear	negative
chitón	negative
chivato	negative
chivo_expiatorio	negative
chocante	negative
chocantemente	negative
chocar	negative
choque	negative
choque_violento	negative
chorretones	negative
chota	negative
chulesco	negative
chulo	negative
chupatintas	negative
chupi	positive
chupón	negative
chupóptera	negative
chupóptero	negative
churro	negative
chusma	negative
cicatriz	negative
ciegamente	negative
cielos	negative
cierto	positive
cima	positive
cinismo	negative
civilizar	positive
claramente	positive
claridad	positive
claro	positive
claustrofóbico	negative
clavar	negative
coaccionar	negative
coacción	negative
cobarde	negative
cobardía	negative
cobijo	positive
cocer_demasiado	negative
cochambroso	negative
coco	negative
codazo	negative
codicia	negative
codicioso	negative
coherencia	positive
coherente	positive
cohesivo	positive
cohesión	positive
coincidir	positive
cojear	negative
cojera	negative
cojo	negative
cojones	negative
cojonuda	positive
cojonudo	positive
colaboración	positive
colaborar	positive
colapsado	negative
colapso	negative
colar	negative
colegui	positive
colgada	negative
colgado	negative
colisionar	negative
colmo	negative
colocar_una_bomba_en	negative
colosal	positive
colusión	negative
colérico	negative
combate	negative
combatir	negative
comedia	negative
comentario_desdeñoso	negative
comerciar	positive
comerse_el_tarro	negative
comerse_la_olla	negative
comerse_un_marrón	negative
cometer_un_desliz	negative
como_dios_manda	positive
comodas	positive
comodidad	positive
comodísima	positive
comodísimas	positive
compacto	positive
compadecerse	negative
compartir	positive
compasivo	positive
compasión	positive
compatible	positive
compañero	positive
compensar	positive
competente	positive
competitivo	positive
compis	positive
complacer	positive
complaciente	positive
complicación	negative
complicado	negative
complicar	negative
complot	negative
comportarse_como_un_loco	negative
comportarse_mal	negative
comprender	positive
comprensivo	positive
comprensión	positive
comprometer	positive
compromiso	positive
con_afán	positive
con_amargura	negative
con_claridad	positive
con_cuidado	positive
con_desprecio	negative
con_engreimiento	negative
con_entusiasmo	positive
con_esperanza	positive
con_experiencia	positive
con_ilusión	positive
con_mucho	positive
con_mucho_gusto	positive
con_razón	positive
con_recelo	negative
con_rencor	negative
con_seguridad	positive
con_soltura	positive
con_tendencia_alcista	positive
conceder	positive
concha_tu_madre	negative
concienzudo	positive
conciliación	positive
conciliar	positive
conciliatorio	positive
concluyente	positive
concordancia	positive
concordar	positive
concreto	positive
condena	negative
condenación	negative
condenado	negative
condenar	negative
condenar_al_ostracismo	negative
condescendencia	negative
condescendiente	negative
condolencia	negative
confabulación	negative
conferir	positive
confesar	negative
confesarse	negative
confesión	negative
confianza	positive
confiar	positive
confiar_en	positive
conflicto	negative
conflictos	negative
conforme	positive
confort	positive
confortable	positive
confrontación	negative
confrontar	negative
confundido	negative
confundir	negative
confusión	negative
confuso	negative
congestionado	negative
congestión	negative
conmocionar	negative
conmovedor	positive
conocer	positive
consagración	positive
consagrar	positive
consecuente	positive
conseguir	positive
consenso	positive
consentimiento	positive
consideración	positive
consideradamente	positive
considerado	positive
consolar	positive
consolidar	positive
conspiración	negative
conspirador	negative
conspirar	negative
constancia	positive
consternación	negative
consternar	negative
constreñimiento	negative
constreñir	negative
constructivo	positive
consuelo	positive
contagiar	negative
contagioso	negative
contaminación	negative
contaminado	negative
contaminar	negative
contar_con	positive
contencioso	negative
contentar	positive
contento	positive
contestar_con_evasivas	negative
contienda	negative
continuidad	positive
contra	negative
contradecir	negative
contradicción	negative
contradictorio	negative
contraproducente	negative
contrariado	negative
contrariar	negative
contrario	negative
contratiempo	negative
contravenir	negative
contribución	positive
controversia	negative
controvertido	negative
contusionar	negative
contusionarse	negative
contusión	negative
convencer	positive
conveniente	positive
convenientemente	positive
convenio	positive
convenir_a	positive
convicción	positive
convidar	positive
convincente	positive
convincentemente	positive
convite	positive
cool	positive
cooperador	positive
cooperar	positive
cooperativamente	positive
cooperativo	positive
copiosamente	positive
coqueto	positive
cordial	positive
cordialidad	positive
cordura	positive
corrección	negative
correctamente	positive
correcto	positive
corregir	positive
corroer	negative
corromper	negative
corromperse	negative
corrompido	negative
corrosivo	negative
corrosión	negative
corrupcion	negative
corrupción	negative
corrupto	negative
cortado	negative
cortante	negative
cortar	negative
cortejar	positive
cortesmente	positive
cortesía	positive
cortés	positive
costar	negative
costear	positive
costoso	negative
cotilla	negative
coñazo	negative
coño	negative
crack	positive
creativo	positive
crecer	positive
crespo	negative
creíble	positive
creído	negative
crimen	negative
criminal	negative
crisis	negative
crisis_económica	negative
criticar	negative
cruel	negative
crueldad	negative
cruelmente	negative
crédulo	negative
crítica	negative
crítico	negative
cuadrar	positive
cualificado	positive
cucaracha	negative
cuerdo	positive
cuestionable	negative
cuestionar	negative
cuidado	negative
cuidadosamente	positive
cuidadoso	positive
cuidar	positive
culpa	negative
culpabilidad	negative
culpable	negative
culpar	negative
culto	positive
cumbre	positive
cumpleaños	positive
cumplido	positive
cumplir	positive
cumplir_con	positive
curar	positive
curarse	positive
curioso	positive
cutre	negative
cutrez	negative
cálida_bienvenida	positive
cálido	positive
cáncer	negative
cárcel	negative
cáustico	negative
célebre	positive
céntrico	positive
cínicamente	negative
cínico	negative
cólera	negative
cómico	negative
cómodo	positive
córcholis	negative
dabuten	positive
dabuti	positive
danza	positive
dar	positive
dar_asco	negative
dar_confianza_a	positive
dar_ejemplo_a	positive
dar_el_visto_bueno_a	positive
dar_gusto	positive
dar_la_bienvenida_a	positive
dar_la_lata	negative
dar_la_tabarra_a	negative
dar_las_gracias_a	positive
dar_un_puñetazo_a	negative
dar_un_traspié	negative
dar_una_bofetada_a	negative
dar_una_paliza_a	negative
dañar	negative
dañino	negative
daño	negative
daños_y_perjuicios	negative
de_acuerdo	positive
de_alto_standing	positive
de_boquilla	negative
de_buen_augurio	positive
de_buen_rendimiento	positive
de_buen_ver	positive
de_buena_gana	positive
de_coña	negative
de_espíritu_competitivo	positive
de_fantasía	positive
de_fiar	positive
de_la_acera_de_enfrente	negative
de_mal_agüero	negative
de_mal_en_peor	negative
de_mal_gusto	negative
de_mala_calidad	negative
de_mala_gana	negative
de_mala_manera	negative
de_mala_reputación	negative
de_milagro	positive
de_modo_sospechoso	negative
de_oro	positive
de_poca_confianza	negative
de_precisión	positive
de_primera	positive
de_primera_clase	positive
de_sentido_común	positive
debatir	negative
deber	negative
debilidad	negative
debilitar	negative
debilitarse	negative
debilmente	negative
debilucho	negative
decadencia	negative
decadente	negative
decencia	positive
decente	positive
decentemente	positive
decepcion	negative
decepcionante	negative
decepcionar	negative
decepción	negative
decidido	positive
decir_palabrotas	negative
decisivo	positive
declarar_inhabitable	negative
declarar_inocente	positive
declinar	negative
decrépito	negative
dedicación	positive
dedicar	positive
dedicatoria	positive
defectivo	negative
defecto	negative
defectos	negative
defectuosamente	negative
defectuoso	negative
defender	positive
defensa	positive
defensor	positive
deficiencia	negative
deficiente	negative
deficit	negative
definido	positive
deformación	negative
deformar	negative
deforme	negative
defraudador	negative
defunción	negative
degeneración	negative
degeneradamente	negative
degenerado	negative
degenerar	negative
degraciadamente	negative
degradación	negative
degradante	negative
degradar	negative
degustacion	positive
degustación	positive
degustar	positive
dejadez	negative
dejado	negative
dejar	positive
dejar_cicatriz	negative
dejar_ciego	negative
dejar_cojo	negative
dejar_confuso_a	negative
dejar_perplejo	negative
dejar_plantado	negative
deleitar	positive
deleitarse	positive
deleite	positive
delicadeza	positive
delicia	positive
deliciosamente	positive
delicioso	positive
delincuencia	negative
delincuente	negative
delirante	negative
delito	negative
demacrado	negative
demasiado	negative
demencia	negative
demente	negative
democrático	positive
demoler	negative
demonio	negative
demonios	negative
demontre	negative
denegación	negative
denegar	negative
denuncia	negative
denunciable	negative
denunciar	negative
deplorable	negative
deplorar	negative
depravar	negative
depre	negative
depresion	negative
depresión	negative
deprimente	negative
deprimentemente	negative
deprimir	negative
derecho	positive
deriva	negative
derribar	negative
derribarse	negative
derrochador	negative
derrochar	negative
derroche	negative
derrota	negative
derrotar	negative
derrumbamiento	negative
derrumbarse	negative
desacato	negative
desaceleración	negative
desacertado	negative
desaconsejable	negative
desaconsejar	negative
desacreditar	negative
desacuerdo	negative
desafiante	negative
desafiantemente	negative
desafiar	negative
desafilado	negative
desafinar	negative
desafortunadamente	negative
desafortunado	negative
desagradable	negative
desagradablemente	negative
desagradecido	negative
desahuciar	negative
desairar	negative
desaire	negative
desalentado	negative
desalentador	negative
desalentadoramente	negative
desalentar	negative
desaliento	negative
desaliñar	negative
desanimadamente	negative
desanimado	negative
desanimar	negative
desapacible	negative
desapaciblemente	negative
desaparecer	negative
desaparición	negative
desaprobación	negative
desaprobar	negative
desaprovechar	negative
desarmar	negative
desarmarse	negative
desarraigar	negative
desarrollar	positive
desarrollo	positive
desasosegar	negative
desasosiego	negative
desastre	negative
desastrosamente	negative
desastroso	negative
desatascar	positive
desatascarse	positive
desatento	negative
desavenencia	negative
desbandada	negative
desbandarse	negative
desbarajuste	negative
desbaratar	negative
descabelladamente	negative
descabellado	negative
descansar	positive
descanso	positive
descaradamente	negative
descarado	negative
descaro	negative
descenso	negative
descomponerse	negative
descomposición	negative
desconcertar	negative
desconcierto	negative
desconfiadamente	negative
desconfiado	negative
desconfianza	negative
desconfiar	negative
desconfiar_de	negative
desconocidamente	negative
desconocido	negative
desconsiderado	negative
desconsoladamente	negative
desconsolado	negative
desconsuelo	negative
descontento	negative
descorazonar	negative
descortesmente	negative
descortés	negative
descrédito	negative
descubrimiento	positive
descubrir_el_pastel	negative
descuidado	negative
descuidar	negative
descuido	negative
desdeñar	negative
desdeñosamente	negative
desdeñoso	negative
desdicha	negative
desdichado	negative
desdén	negative
deseable	positive
desear	positive
desechado	negative
desecho	negative
desechos	negative
desencaminado	negative
desencantar	negative
desenmarañar	negative
desenmarañarse	negative
desentonar	negative
deseo	positive
desequilibrado	negative
desequilibrio	negative
deserción	negative
desertar	negative
desesperación	negative
desesperadamente	negative
desesperado	negative
desesperante	negative
desesperar	negative
desesperarse	negative
desfachatez	negative
desfavorable	negative
desfavorecido	negative
desfigurar	negative
desgana	negative
desganar	negative
desgarbado	negative
desgarrador	negative
desgastar	negative
desgaste	negative
desgracia	negative
desgraciadamente	negative
desgraciado	negative
deshacer	negative
desharrapado	negative
desheredar	negative
deshilachado	negative
deshonestamente	negative
deshonestidad	negative
deshonesto	negative
deshonrar	negative
desierto	negative
desigualdad	negative
desilusion	negative
desilusionar	negative
desilusión	negative
desintegración	negative
desintegrar	negative
desintegrarse	negative
desinteresado	positive
desleal	negative
deslealtad	negative
desliz	negative
deslumbramiento	positive
deslumbrar	positive
deslustrar	negative
deslustrarse	negative
desmayarse	negative
desmedido	negative
desmentir	negative
desmesurado	negative
desmesurar	negative
desmoralizar	negative
desmoronarse	negative
desobedecer	negative
desobediencia	negative
desobediente	negative
desolación	negative
desoladamente	negative
desolado	negative
desorbitado	negative
desorbitar	negative
desorden	negative
desordenado	negative
desordenar	negative
desorganización	negative
desorganizado	negative
desorganizar	negative
desorientar	negative
desorvitados	negative
despachar_rápidamente	negative
despacio	negative
despectivamente	negative
despectivo	negative
despedida	negative
despedido	negative
despedir	negative
despeinar	negative
despejado	positive
despejar	positive
despejarse	positive
desperdiciar	negative
desperdicio	negative
desperfecto	negative
despiadadamente	negative
despiadado	negative
despido	negative
despilfarrar	negative
despilfarro	negative
despistado	negative
despistar	negative
despitorrarse	negative
desplazar	negative
desplomarse	negative
despoticamente	negative
despotismo	negative
despreciable	negative
despreciar	negative
despreciativamente	negative
despreciativo	negative
desprecio	negative
despreocupación	negative
desprestigiar	negative
desproporcionado	negative
despropositos	negative
despropósito	negative
desprovisto	negative
despótico	negative
desregulación	negative
destacadamente	positive
destacado	positive
destacar	positive
destacarse	positive
destartalado	negative
desterrado	negative
desterrar	negative
destierro	negative
destreza	positive
destrozar	negative
destrucción	negative
destructivo	negative
destructor	negative
destruir	negative
desvalido	negative
desvalorizar	negative
desvanecer	negative
desvencijado	negative
desventaja	negative
desventajoso	negative
desvergonzadamente	negative
desvergonzado	negative
desviación	negative
desviarse	negative
desvirtuar	negative
desánimo	negative
detallista	positive
detención	negative
detener	negative
detenido	negative
deteriorar	negative
deteriorarse	negative
deterioro	negative
determinado	positive
detestable	negative
detestablemente	negative
detestar	negative
detrimento	negative
deuda	negative
devaluar	negative
devastador	negative
devastadoramente	negative
devastar	negative
devoción	positive
devoto	positive
diaaaaaas	positive
diaaaaas	positive
diaaaas	positive
diaaas	positive
diaaasss	positive
diaas	positive
diablo	negative
diablos	negative
diabolicamente	negative
diabólico	negative
diantre	negative
diantres	negative
diass	positive
diasss	positive
diassss	positive
diasssss	positive
dicha	positive
dictador	negative
dictadura	negative
dictatorial	negative
diestro	positive
difamación	negative
difamar	negative
difamar_a	negative
difamatoriamente	negative
difamatorio	negative
dificil	negative
dificultad	negative
dificultar	negative
difunto	negative
difuso	negative
difícil	negative
difícil_de_manejar	negative
dignarse	negative
dignidad	positive
dignificar	positive
digno	positive
digno_de_confianza	positive
digno_de_mención	positive
diias	positive
diiias	positive
diiiias	positive
dilema	negative
diligencia	positive
diligente	positive
diligentemente	positive
diluvio	negative
dimisión	negative
dimitir	negative
dinámico	positive
dios	negative
diplomático	positive
directo	positive
disciplinado	positive
disconformidad	negative
discordante	negative
discordia	negative
discreción	positive
discrepar	negative
discreto	positive
discriminación	negative
discriminar	negative
disculpar	negative
discusión	negative
discutible	negative
discutir	negative
disensión	negative
disentir	negative
disfruta	positive
disfrutar	positive
disfrutar_de	positive
disfrute	positive
disgustado	negative
disgustar	negative
disgusto	negative
dislocar	negative
disminución	negative
disminuir	negative
disolución	negative
disolver	negative
disolverse	negative
disparatadamente	negative
disparatado	negative
disparate	negative
disponible	positive
dispuesto	positive
disputa	negative
disputar	negative
distante	negative
distinción	positive
distinguido	positive
distinguirse	positive
distorsionar	negative
distracción	negative
distraer	negative
distraído	negative
disuadir	negative
disuasivo	negative
diver	positive
diversión	positive
divertido	positive
divertir	positive
dividir	negative
dividirse	negative
divinamente	positive
divino	positive
división	negative
divorciar	negative
divorciarse	negative
divorcio	negative
diñarla	negative
doblado	negative
dogmático	negative
dolencia	negative
doler	negative
dolido	negative
dolor	negative
dolor_de_cabeza	negative
dolor_muy_agudo	negative
doloridamente	negative
dolorido	negative
dolorosamente	negative
doloroso	negative
dominante	negative
dominar	positive
dominio	positive
don	positive
donar	positive
dopar	negative
dotado	positive
droga	negative
drástico	negative
duda	negative
dudar	negative
dudar_de	negative
dudosamente	negative
dudoso	negative
dulce	positive
dulcemente	positive
duradero	positive
durar	positive
duro	negative
débil	negative
déficit	negative
déspota	negative
echar_a_perder	negative
echar_de_menos	negative
echar_en_falta	negative
echar_la_culpa_a	negative
echar_pestes	negative
echar_un_rapapolvo	negative
echar_una_reprimenda_a	negative
echarse_a_perder	negative
ecológico	positive
educativo	positive
efectivo	positive
eficacia	positive
eficaz	positive
eficazmente	positive
eficiencia	positive
eficiente	positive
efusivamente	positive
efusivo	positive
efímero	negative
egoistamente	negative
egoísmo	negative
egoísta	negative
egunon	positive
ejem	negative
elegancia	positive
elegante	positive
elegantemente	positive
elevar	positive
eliminación	negative
eliminar	negative
elite	positive
elocuencia	positive
elocuente	positive
elocuentemente	positive
elogiar	positive
elogio	positive
elogioso	positive
eludir	negative
emancipar	positive
embarazosamente	negative
embarazoso	negative
embaucar	negative
embellecer	positive
embestir	negative
emboscada	negative
embozar	negative
embrollo	negative
eminencia	positive
emocionado	positive
emocionante	positive
emocionantemente	positive
emocionar	positive
emocionarse	positive
emoción	positive
empalagoso	negative
empanado	negative
emparanoiado	negative
empañar	negative
empeoramiento	negative
empeorar	negative
empeorarse	negative
emplear_mal	negative
empobrecer	negative
emprendedor	positive
empresa_arriesgada	negative
empuje	positive
en_calma	positive
en_condiciones	positive
en_consonancia	positive
en_lo_alto	positive
en_mal_estado	negative
enajenación	negative
enajenar	negative
enaltecer	positive
enano	negative
encajar	positive
encajar_con	positive
encajar_en	positive
encantado	positive
encantador	positive
encantadoramente	positive
encantadísimo	positive
encantar	positive
encanto	positive
encarcelar	negative
enchufismo	negative
enclenque	negative
encogerse	negative
encogerse_de_hombros	negative
encogimiento_de_hombros	negative
encolerizar	negative
encomiable	positive
enconadamente	negative
enconado	negative
enculado	negative
endeble	negative
endeudar	negative
endulzar	positive
enemigo	negative
enemistad	negative
enemistarse_con	negative
energía	positive
enfadadamente	negative
enfadado	negative
enfadar	negative
enfadarse	negative
enfado	negative
enferma	negative
enfermar	negative
enfermedad	negative
enfermizo	negative
enfermo	negative
enfrentamiento	negative
enfrentar	negative
enfurecer	negative
enfurruñarse	negative
engatusar	negative
engañabobos	negative
engañar	negative
engañifa	negative
engaño	negative
engañosamante	negative
engañoso	negative
engreído	negative
enhorabuena	positive
enjuiciar	negative
enloquecido	negative
enmarañar	negative
ennegrecer	negative
enojado	negative
enojar	negative
enojosamente	negative
enojoso	negative
enorabuena	positive
enorme	positive
enormemente	positive
enredar	negative
enredarse	negative
enredo	negative
enriquecer	positive
enrollada	positive
enrollado	positive
enseriar	negative
ensuciar	negative
ensuciarse	negative
ensueño	positive
entender	positive
entender_mal	negative
entendido	positive
entorno_privilegiado	positive
entorpecer	negative
entrada	positive
entrar_por_la_fuerza_en	negative
entrañable	positive
entremetido	negative
entretener	positive
entretenidamente	positive
entretenido	positive
entretenimiento	positive
entristecer	negative
entristecerse	negative
entrometerse	negative
entrometido	negative
entumecer	negative
entumecido	negative
entusiasmado	positive
entusiasmar	positive
entusiasmarse	positive
entusiasmarse_por	positive
entusiasmo	positive
entusiasta	positive
entusiastamente	positive
entusiástico	positive
envenenar	negative
envidia	negative
envidiable	positive
envidiar	negative
envidioso	negative
envidiosomante	negative
enérgico	positive
epidemia	negative
epopeya	positive
epítome	positive
equilibrio	positive
equitativamente	positive
equitativo	positive
equivocación	negative
equivocadamente	negative
equivocado	negative
equivocar	negative
equivocarse	negative
equívoco	negative
eres	negative
erosionar	negative
erradicar	negative
errar	negative
erroneamente	negative
error	negative
erróneo	negative
erudito	positive
esbelto	positive
escabroso	negative
escalofriante	negative
escalofrío	negative
escandalizar	negative
escandalosamente	negative
escandaloso	negative
escasa	negative
escasamente	negative
escasez	negative
escaso	negative
escindirse	negative
escisión	negative
esclavitud	negative
esclavizar	negative
esclavo	negative
esconder	negative
escoria	negative
escoriar	negative
escozor	negative
escoñar	negative
escrupulosamente	positive
escrúpulo	positive
escudar	negative
escupir	negative
escándalo	negative
esmero	positive
espabilado	positive
espacioso	positive
espantar	negative
espantarse	negative
espantarsemente	negative
espanto	negative
espantosamente	negative
espantoso	negative
especial	positive
especialmente	positive
espectacular	positive
espectacularmente	positive
espejismo	negative
espeluznante	negative
esperanza	positive
esperanzadamente	positive
esperanzado	positive
esperpento	negative
espicharla	negative
espinoso	negative
espiritual	positive
esplendidamente	positive
esplendor	positive
espléndido	positive
esquisita	positive
esquisito	positive
estabilidad	positive
estabilizar	positive
estabilizarse	positive
estable	positive
estafa	negative
estafador	negative
estafar	negative
estallar	negative
estampida	negative
estancado	negative
estancarse	negative
estar_a_favor_de	positive
estar_como_una_regadera	negative
estar_de_acuerdo	positive
estar_de_mal_humor	negative
estar_en_auge	positive
estar_en_conflicto	negative
estar_para_el_arrastre	negative
estelar	positive
estigma	negative
estimado	positive
estimulante	positive
estimulantemente	positive
estimular	positive
estirado	negative
estirar_la_pata	negative
estola	negative
estorbar	negative
estorbo	negative
estrago	negative
estragos	negative
estrangular	negative
estrañare	negative
estrecharse_la_mano	negative
estrella	positive
estrellar	negative
estrellarse	negative
estremecerse	negative
estrenar	positive
estreno	positive
estresado	negative
estresante	negative
estricto	negative
estridente	negative
estropeado	negative
estropear	negative
estropearse	negative
estrépito	negative
estudioso	positive
estupenda	positive
estupendamente	positive
estupendo	positive
estupidamente	negative
estupidez	negative
estupor	negative
estéril	negative
estímulo	positive
estúpido	negative
etarra	negative
euforia	positive
euforicamente	positive
eufórico	positive
eureka	positive
evadir	negative
evaluación	positive
evasivo	negative
evocador	positive
exacerbar	negative
exacto	positive
exageración	negative
exageradamente	negative
exagerado	negative
exagerar	negative
exaltado	positive
exaltar	positive
exasperación	negative
exasperante	negative
exasperar	negative
excelencia	positive
excelente	positive
excelentemente	positive
excelentes	positive
excentricidad	negative
excepcional	positive
excepcionalmente	positive
excepción	negative
excesivamente	negative
excesivo	negative
excitar	positive
exclamar	negative
excluir	negative
exclusivo	positive
exclusión	negative
exculpar	positive
excusa	negative
excéntrico	negative
exelente	positive
exhortar	negative
exigente	negative
exiliado	negative
exiliar	negative
exilio	negative
exonerar	positive
exorbitante	negative
expectacular	positive
expectaculares	positive
experiencia_increíble	positive
experiencia_inolvidable	positive
experiencia_única	positive
experimentado	positive
experto	positive
expirar	negative
explosivo	negative
explosión	negative
explotar	negative
expolio	negative
expresar_agradecimiento_por	positive
expresivo	positive
expulsar	negative
exquisitamente	positive
exquisitez	positive
exquisito	positive
extenso	positive
exterminar	negative
exterminio	negative
extinción	negative
extinguir	negative
extirpar	negative
extorsion	negative
extorsionar	negative
extorsión	negative
extraordinariamentemente	positive
extraordinario	positive
extraviado	negative
extrañamente	negative
extrañar	negative
extraño	negative
extremista	negative
extático	positive
exuberante	positive
exultar	positive
fa	positive
fabulosamente	positive
fabuloso	positive
facha	negative
facil	positive
facilidad	positive
facilitar	positive
facilmente	positive
factible	positive
factura	negative
facultar	positive
faena	negative
falacia	negative
falla	negative
fallar	negative
fallecimiento	negative
fallo	negative
falsamente	negative
falsear	negative
falsedad	negative
falsificación	negative
falsificado	negative
falsificar	negative
falso	negative
falta	negative
falta_absoluta	negative
falta_de_consideración	negative
falta_de_higiene	negative
falta_de_honradez	negative
falta_de_limpieza	negative
falta_de_profesionalidad	negative
falta_de_respeto	negative
faltar	negative
falto	negative
faltón	negative
fama	positive
famili	positive
famoso	positive
fantastica	positive
fantasticamente	positive
fantastico	positive
fantasía	positive
fantástica	positive
fantásticamente	positive
fantásticas	positive
fantástico	positive
fanático	negative
farfulla	negative
farfullar	negative
farol	negative
farra	positive
farsa	negative
farsante	negative
fascinación	positive
fascinante	positive
fascinantemente	positive
fascinar	positive
fascismo	negative
fascista	negative
fastidiado	negative
fastidiar	negative
fastidio	negative
fastidioso	negative
fatal	negative
fatalmente	negative
fatidicamente	negative
fatiga	negative
fatigar	negative
fatigarse	negative
fatigoso	negative
fatídico	negative
favor	positive
favorecedor	positive
favorecer	positive
favorito	positive
fe	positive
fealdad	negative
febril	negative
fecundo	positive
felicesfiestas	positive
felicidad	positive
felicidades	positive
felicitaciones	positive
felicitación	positive
felicitar	positive
feliz	positive
feliz_cumpleaños	positive
feliz_martes	positive
felizmente	positive
fenecer	negative
fenomenal	positive
feo	negative
feria	positive
ferocidad	negative
feroz	negative
ferozmente	negative
fervorosamente	positive
fervoroso	positive
festejos	positive
festival	positive
feto	negative
fetén	positive
ff	positive
fiable	positive
fiasco	negative
ficticio	negative
fidedigno	positive
fidelidad	positive
fiebre	negative
fiel	positive
fielmente	positive
fiesta	positive
fiestas	positive
figurarse	positive
finamente	positive
financiar	positive
fingido	negative
fingimiento	negative
fingir	negative
fingirse	negative
fino	positive
fisura	negative
flagrante	negative
flagrantemente	negative
flaquear	negative
flexible	positive
flipado	negative
flipar	negative
flojear	negative
flojo	negative
florecer	positive
floreciente	positive
fluido	positive
fogoso	positive
fomentar	positive
fomento	positive
fondo	positive
forajido	negative
forastero	negative
forcejear	negative
forcejeo	negative
forcejo	negative
formal	positive
formidable	positive
fortaleza	positive
fortuna	positive
forzado	negative
forzar	negative
fracasadamente	negative
fracasado	negative
fracasar	negative
fracaso	negative
fractura	negative
fracturar	negative
fracturarse	negative
francamente	positive
franco	positive
fraternal	positive
fraude	negative
fraudulentamente	negative
fraudulento	negative
fresco	positive
friamente	negative
fricción	negative
fritanga	negative
fructuoso	positive
fructífero	positive
frugalmente	positive
fruncir_el_ceño	negative
frustración	negative
frustrar	negative
fruta_fresca	positive
frágil	negative
frígido	negative
frío	negative
frívolo	negative
fuera	negative
fuera_de_peligro	positive
fuerte	positive
fuertemente	positive
fuerza	positive
fuerza_disuasoria	negative
fuga	negative
fugarse	negative
fugitivo	negative
funcional	positive
furcia_asquerosa	negative
furiosamente	negative
furioso	negative
furtivo	negative
furúnculo	negative
fácil	positive
fácilmente	positive
fértil	positive
fétido	negative
galante	positive
galimatías	negative
gamberro	negative
gana	positive
ganador	positive
ganancia	positive
ganar	positive
ganar_en_bruto	negative
gandulear	negative
ganga	positive
garantizar	positive
garantía	positive
garrula	negative
garrulo	negative
gastado	negative
gastar	negative
gastarse	negative
gasto	negative
gañido	negative
gañir	negative
gañán	negative
gema	positive
gemido	negative
gemir	negative
generalmente	positive
generosamente	positive
generosidad	positive
generoso	positive
genial	positive
genialmente	positive
genio	positive
genocidio	negative
gentil	positive
genuino	positive
ghetto	negative
gigante	positive
gilimierdas	negative
gilipollas	negative
glacial	negative
gloria	positive
glorificar	positive
gloriosamente	positive
glorioso	positive
glotón	negative
golosina	positive
golpe	negative
golpear	negative
gordo	negative
gorrona	negative
gorronear	negative
gorrón	negative
gozar	positive
gozar_de	positive
gozo	positive
gracia	positive
gracias	positive
gracias_a	positive
gracias_amigo	positive
gracias_de_corazon	positive
gracias_por_todo	positive
graciosamente	positive
gracioso	positive
graciosísimo	positive
gran	positive
gran_ambiente	positive
gran_calidad	positive
gran_decepcion	negative
gran_descubrimiento	positive
gran_experiencia	positive
gran_lugar	positive
gran_noche	positive
gran_servicio	positive
gran_ubicación	positive
gran_variedad	positive
grande	positive
grandeza	positive
grandioso	positive
grata_sorpresa	positive
gratamente	positive
gratificación	positive
gratificante	positive
gratificantemente	positive
gratis	positive
gratitud	positive
grato	positive
gratuito	positive
gratuíto	positive
grave	negative
gravedad	negative
gravemente	negative
grieta	negative
grima	negative
gritar	negative
grito	negative
gritos	negative
groseramente	negative
grosero	negative
grotesco	negative
gruesa	negative
gruesamente	negative
gruñido	negative
gruñir	negative
gruñón	negative
gràcies	positive
guai	positive
gualá	negative
guantánamo	negative
guapamente	positive
guapetona	positive
guapisima	positive
guapo	positive
guardar_como_un_tesoro	positive
guarreras	negative
guarrería	negative
guarro	negative
guarrona	negative
guau	positive
guay	positive
guerra	negative
gueto	negative
guiñar_el_ojo	positive
guiño	positive
gula	negative
gusano	negative
gustar	positive
gusto	positive
gusto_exquisito	positive
género	positive
habilidad	positive
habilmente	positive
habitación_amplia	positive
habitación_espaciosa	positive
habitación_grande	positive
hablar_sin_parar	negative
hacer_como_si_no_existiese	negative
hacer_daño	negative
hacer_digresiones	negative
hacer_el_primo	negative
hacer_el_tonto	negative
hacer_estragos	negative
hacer_imposible	negative
hacer_la_pirula	negative
hacer_más_alegre	positive
hacer_naufragar	negative
hacer_novillos	negative
hacer_pasar_hambre	negative
hacer_pipí	negative
hacer_pucheros	negative
hacer_temblar	negative
hacer_trampa	negative
hacer_trampas	negative
hacer_trizas	negative
hacer_un_chantaje_a	negative
hacer_una_mueca_de_dolor	negative
hacer_volar	negative
hacer_zozobrar	negative
hacinar	negative
hahahaha	positive
halagar	positive
halagüeño	positive
hambre	negative
hambriento	negative
harapiento	negative
harto	negative
hasta_la_coronilla	negative
hay_que_joderse	negative
hazaña	positive
hechizar	positive
hecho_mierda	negative
hedor	negative
heey	positive
helar	negative
hereje	negative
herejía	negative
herida	negative
herido	negative
herir	negative
herir_en_lo_más_hondo	negative
hermosa	positive
hermosamente	positive
hermoso	positive
hermosura	positive
heroico	positive
heroína	positive
hervir	negative
hijo_de_puta	negative
hinchado	negative
hipocresía	negative
hipocritamente	negative
hipócrita	negative
hiriente	negative
histeria	negative
histérico	negative
hoja_de_reclamaciones	negative
holgado	positive
hombre	negative
homenaje	positive
homenajear	positive
homicidio	negative
homófobos	negative
honestamente	positive
honesto	positive
honor	positive
honradamente	positive
honradez	positive
honrado	positive
honrar	positive
horrendamente	negative
horrendo	negative
horrible	negative
horriblemente	negative
horripilante	negative
horripilantemente	negative
horror	negative
horrorizado	negative
horrorizar	negative
horrorosamente	negative
horroroso	negative
hortera	negative
hosco	negative
hospitalario	positive
hostigar	negative
hostil	negative
hostilidad	negative
hotelucho	negative
ht	positive
huelga	negative
huevon	negative
huevón	negative
humildad	positive
humilde	positive
humillación	negative
humillante	negative
humillar	negative
humor	positive
hundimiento	negative
hundir	negative
hundirse	negative
huraño	negative
hurra	positive
hurtar	negative
hurto	negative
husmear	negative
huérfano	negative
hábil	positive
hábilmente	positive
héroe	positive
idea_equivocada	negative
ideal	positive
idealmente	positive
idiota	negative
idílico	positive
ignominioso	negative
ignorancia	negative
ignorante	negative
ignorar	negative
igualado	positive
igualar	positive
igualarse	positive
igualdad	positive
igualitario	positive
ilegal	negative
ilegalmente	negative
ilegítimo	negative
ileso	positive
ilogicamente	negative
ilu	positive
iluminar	positive
ilusionar	positive
ilusión	positive
ilustre	positive
ilícito	negative
ilógico	negative
imaginación	positive
imaginarse	positive
imaginativo	positive
imbatido	positive
imbebible	negative
imbécil	negative
imitación	negative
impaciencia	negative
impaciente	negative
impacientemente	negative
imparcial	positive
imparcialmente	positive
impasible	negative
impecable	positive
impecablemente	positive
impedimento	negative
impedir	negative
impensable	negative
imperdonable	negative
imperfección	negative
imperfecto	negative
impersonal	negative
impertinente	negative
implicación	negative
implicar	negative
implorar	negative
imponer	negative
impopular	negative
importancia	positive
importante	positive
importantemente	positive
importar_un_pimiento	negative
importunar	negative
imposible	negative
imposición	negative
impostor	negative
impotencia	negative
impotente	negative
impotentemente	negative
imprecisamente	negative
imprecisión	negative
impreciso	negative
imprescindible	positive
impresentable	negative
impresentables	negative
impresionante	positive
impresionantemente	positive
impresionar	positive
imprevisto	negative
improbable	negative
improbablemente	negative
improductivo	negative
impropiamente	negative
impropio	negative
improvisado	negative
imprudencia	negative
imprudente	negative
imprudentemente	negative
impuesto	negative
impulsar	positive
impulso	positive
impunidad	negative
impureza	negative
impuro	negative
imputación	negative
imputar	negative
inacabado	negative
inaccesible	negative
inaceptable	negative
inaceptablemente	negative
inactivo	negative
inadaptado	negative
inadecuadamente	negative
inadecuado	negative
inamovible	negative
inanición	negative
inaudito	negative
inaugurar	positive
incapacidad	negative
incapaz	negative
incapazmente	negative
incendiar	negative
incendiarse	negative
incendio	negative
incertidumbre	negative
incidencia	negative
incierto	negative
incivilizado	negative
inclemente	negative
inclusivo	positive
incoherencia	negative
incoherente	negative
incoherentemente	negative
incomestible	negative
incomodar	negative
incomodidad	negative
incomodisima	negative
incomodisimo	negative
incomodo	negative
incomodísimas	negative
incomparable	positive
incompetencia	negative
incompetente	negative
incompetentemente	negative
incompleto	negative
incomprensible	negative
inconcebible	negative
incongruente	negative
incongruentemente	negative
inconsciente	negative
inconstante	negative
incontroladamente	negative
incontrolado	negative
inconveniente	negative
incorrectamente	negative
incorrecto	negative
incredulidad	negative
increible	positive
increíble	negative
incrédulo	negative
inculto	negative
incumplimiento	negative
incumplir	negative
incómodo	negative
indebido	negative
indecente	negative
indecentemente	negative
indecible	negative
indeciblemente	negative
indecisamente	negative
indeciso	negative
indecorosamente	negative
indecoroso	negative
indefensamente	negative
indefenso	negative
indemne	positive
indemnización	positive
indemnizar	positive
independencia	positive
independiente	positive
indeseable	negative
indeseado	negative
indiferencia	negative
indiferente	negative
indigencia	negative
indigente	negative
indigestión	negative
indignación	negative
indignado	negative
indignante	negative
indignantemente	negative
indignar	negative
indignidad	negative
indigno	negative
indiscreción	negative
indiscretamente	negative
indiscreto	negative
indiscriminadamente	negative
indiscriminado	negative
indispuesto	negative
indoloro	positive
indulgencia	positive
indulgente	positive
indultar	positive
indulto	positive
ineficacia	negative
ineficaz	negative
ineficazmente	negative
ineficiente	negative
ineludible	negative
ineptamente	negative
ineptitud	negative
inepto	negative
inesperadamente	negative
inesperado	negative
inestabilidad	negative
inestable	negative
inestimable	positive
inevitable	negative
inexactamente	negative
inexacto	negative
inexcusable	negative
inexorable	negative
inexorablemente	negative
inexperiencia	negative
inexpertamente	negative
inexperto	negative
inexpugnable	positive
infalible	positive
infame	negative
infectar	negative
infelicidad	negative
infeliz	negative
infelizmente	negative
inferior	negative
inferioridad	negative
infernal	negative
infestar	negative
infiel	negative
infielmente	negative
infierno	negative
inflamado	negative
inflar	negative
inflexible	negative
inflexiblemente	negative
infligir	negative
influyente	positive
informativo	positive
infortunio	negative
infracción	negative
infravaloración	negative
infringir	negative
infructuoso	negative
infumable	negative
infundado	negative
ingenio	positive
ingeniosamente	positive
ingenioso	positive
ingenuamente	negative
ingenuo	negative
ingratitud	negative
ingrato	negative
ingresar	positive
ingreso	positive
inhospitalario	negative
inhumano	negative
inhóspito	negative
inigualable	positive
injurioso	negative
injustamente	negative
injusticia	negative
injustificable	negative
injustificado	negative
injusto	negative
inmaculadamente	positive
inmaculado	positive
inmaduro	negative
inmejorable	positive
inmensamente	positive
inmensidad	positive
inmenso	positive
inmoral	negative
inmoralmente	negative
innecesariamente	negative
innecesario	negative
innovación	positive
innovador	positive
inocuo	positive
inofensivo	positive
inolvidable	positive
inoportunamente	negative
inoportuno	negative
inoxidable	positive
inquietamente	negative
inquietar	negative
inquietarse	negative
inquieto	negative
inquietud	negative
insatisfacción	negative
insatisfactorio	negative
inseguridad	negative
inseguro	negative
insensatamente	negative
insensato	negative
insensible	negative
insensiblemente	negative
inservible	negative
insignificante	negative
insignificantemente	negative
insipida	negative
insipido	negative
insipidos	negative
insolencia	negative
insolente	negative
insolentemente	negative
insolitamente	positive
insolvente	negative
insomnio	negative
insoportable	negative
insoportablemente	negative
insostenible	negative
inspirar	positive
instigador	negative
instigar	negative
institución_benéfica	positive
insubordinado	negative
insuficiencia	negative
insuficiente	negative
insuficientemente	negative
insufrible	negative
insulso	negative
insultante	negative
insultar	negative
insulto	negative
insultos	negative
insuperable	positive
insurrección	negative
insípido	negative
insólito	positive
intachable	positive
intacto	positive
inteligencia	positive
inteligente	positive
inteligentemente	positive
intemperie	negative
interesante	positive
interesantísimas	positive
interesar	positive
interferir	negative
interferir_en	negative
interminable	negative
interpretar_mal	negative
interrumpir	negative
interés	positive
intimidación	negative
intimidar	negative
intolerable	negative
intolerablemente	negative
intolerancia	negative
intolerante	negative
intranquilo	negative
intransigencia	negative
intransigente	negative
intransigentemente	negative
intriga	negative
intrusion	negative
intrépido	positive
intuitivo	positive
inundación	negative
inundar	negative
inutilmente	negative
invadir	negative
invasión	negative
invasor	negative
invencible	positive
invención	negative
inverosimilitud	negative
inverosímil	negative
invitar	positive
inválido	negative
inútil	negative
ir_bien_a	positive
ir_más_despacio	negative
ira	negative
ironicamente	negative
ironía	negative
irracional	negative
irracionalmente	negative
irreflexivamente	negative
irreflexivo	negative
irreflexión	negative
irregular	negative
irregularidad	negative
irrelevante	negative
irreparable	negative
irresistible	positive
irrespetuosamente	negative
irrespetuoso	negative
irresponsable	negative
irreverente	negative
irreverentemente	negative
irreversible	negative
irrisión	negative
irritable	negative
irritación	negative
irritante	negative
irritar	negative
irónico	negative
ja	positive
jactancia	negative
jactancioso	negative
jactarse	negative
jajaja	positive
jajajaja	positive
jajajajaj	positive
jajajajaja	positive
jajajá	positive
jaleo	negative
jamacuco	negative
jarabe_de_palo	negative
jeje	positive
jesús	negative
jeta	negative
jeto	negative
ji	positive
jirón	negative
jiñarla	negative
jo	negative
jobar	negative
joder	negative
joder_la_marrana	negative
jodio	negative
joe	negative
jolín	negative
jope	negative
jops	negative
jorobar	negative
joya	positive
joya_escondida	positive
jubilosamente	positive
jubiloso	positive
juiciosamente	positive
juicioso	positive
julandrón	negative
justamente	positive
justicia	positive
justificadamente	positive
justificado	positive
justo	positive
juzgar_mal	negative
júbilo	positive
lacra	negative
lacónico	negative
ladilla	negative
ladrar	negative
lamentable	negative
lamentablemente	negative
lamentar	negative
lamentarse	negative
lamento	negative
languidecer	negative
lapsus	negative
largar	negative
largarse	negative
lascivamente	negative
lascivo	negative
lastimar	negative
lastimosamente	negative
lastimoso	negative
leal	positive
lealmente	positive
lealtad	positive
leer_mal	negative
legendario	positive
legitimamente	positive
legítimo	positive
lentamente	negative
lentisimo	negative
lento	negative
lentos	negative
lesionado	negative
levantar	positive
leñe	negative
liar	negative
liberación	positive
liberal	positive
liberalmente	positive
liberar	positive
libertad	positive
libertinaje	negative
libre	positive
libremente	positive
libro_de_reclamaciones	negative
licenciosamente	negative
lidiar	negative
ligero	positive
limpiar	positive
limpiar_a_fondo	positive
limpieza	positive
limpio	positive
limpisimo	positive
limpísimo	positive
lindo	positive
liquidar_a	negative
lisiado	negative
listo	positive
listos	positive
llaga	negative
llamativo	negative
llanto	negative
lleno	positive
lleno_de_acontecimientos	positive
lleno_de_baches	negative
lleno_de_polvo	negative
llevar_mal	negative
llorar	negative
llorica	negative
lloriquear	negative
lloro	negative
lo_malo	negative
lo_mejor	positive
lo_nutritivo	positive
lo_peor	negative
lo_peor_de_todo	negative
lo_único_positivo	negative
loable	positive
loco	negative
locura	negative
lograr	positive
logro	positive
looser	negative
love	positive
lucha	negative
luchador	positive
luchar	negative
lugar_con_encanto	positive
lujosamente	positive
lujoso	positive
lujurioso	negative
luminosidad	positive
luminoso	positive
luna_de_miel	positive
lustre	positive
lustroso	positive
luto	negative
luz_deslumbrante	negative
lánguido	negative
lástima	negative
látigo	negative
lícito	positive
lío	negative
lóbrego	negative
lógico	positive
lúcido	positive
lúgubre	negative
maca	negative
macabro	negative
macarra	negative
machacona	negative
machacón	negative
machismo	negative
machista	negative
machorra	negative
maco	negative
madurar	positive
maduro	positive
maestro	positive
maestría	positive
mafia	negative
magistral	positive
magnanimamente	positive
magnificamente	positive
magnificos	positive
magníficamente	positive
magnífico	positive
mago	positive
magulladura	negative
magullar	negative
magullarse	negative
majara	negative
majareta	negative
majestuoso	positive
majo	positive
mal	negative
mal_genio	negative
mal_pagado	negative
mal_situado	negative
mal_uso	negative
mal_vestido	negative
mala	negative
mala_hierba	negative
mala_leche	negative
mala_pata	negative
mala_pronunciación	negative
mala_reputación	negative
malamente	negative
malas_caras	negative
maldad	negative
maldecir	negative
maldición	negative
maldito	negative
maldito_sea	negative
maleducadamente	negative
maleducado	negative
malentendido	negative
malestar	negative
malevolamente	negative
malgastar	negative
malhayas	negative
malhumoradamente	negative
malhumorado	negative
malicia	negative
maligno	negative
malisima	negative
malisimamente	negative
malisimas	negative
malisimo	negative
malisimos	negative
malo	negative
malogro	negative
malos_tratos	negative
malsano	negative
maltratar	negative
malucho	negative
malvadamente	negative
malvado	negative
malévolo	negative
malísimo	negative
mamola	negative
mamá	positive
mancha	negative
manchar	negative
mancharse	negative
mangante	negative
mangar	negative
mangui	negative
manipulación	negative
manipular	negative
manjar	positive
mantener	positive
manía	negative
maníaco	negative
maravilla	positive
maravillar	positive
maravillarse	positive
maravillosa	positive
maravillosamente	positive
maravilloso	positive
maraña	negative
marchitar	negative
marchitarse	negative
mareado	negative
marginado	negative
marginalmente	negative
maricón	negative
marrón	negative
martirio	negative
maruja	negative
mas	positive
masacrar	negative
masacre	negative
matanza	negative
matao	negative
matar	negative
matar_de_hambre	negative
matraca	negative
matón	negative
mazmorra	negative
mecachis	negative
medalla	positive
mediocre	negative
mejor	positive
mejora	positive
mejorar	positive
mejorar_respecto_a	positive
mejorarse	positive
memorable	positive
mendigar	negative
mendigo	negative
menguar	negative
menospreciar	negative
menosprecio	negative
menso	negative
mentir	negative
mentira	negative
mentiras	negative
mentiroso	negative
merda	negative
merecedor	positive
merecer	positive
merecidamente	positive
merecido	positive
meritorio	positive
mermar	negative
metedura_de_pata	negative
meter_baza	negative
meter_la_pata	negative
meticulosamente	positive
meticuloso	positive
metódico	positive
mezquino	negative
miedo	negative
miedoso	negative
mierda	negative
milagro	positive
milagrosamente	positive
milagroso	positive
milonga	negative
mimar	positive
minar	negative
minuciosamente	positive
minusválido	negative
minúsculo	negative
mirada_feroz	negative
mirada_lasciva	negative
mirar_con_ceño	negative
mirar_con_recelo	negative
mirar_ferozmente	negative
miserable	negative
miserablemente	negative
miseria	negative
miss	positive
mitigar	positive
miéchica	negative
mocoso	negative
moderno	positive
modestia	positive
modesto	positive
mofa	negative
mofarse	negative
mofarse_de	negative
mohoso	negative
mola	positive
molestamente	negative
molestar	negative
molestarse	negative
molestia	negative
molesto	negative
mono	positive
monotonía	negative
monstruo	negative
monstruosamente	negative
monstruosidad	negative
monumental	positive
monótono	negative
moral	positive
morbosamente	negative
morboso	negative
mordaz	negative
morir	negative
morro	negative
mortal	negative
mortificar	negative
mortífero	negative
mosquearse	negative
mosqueo	negative
motivación	positive
motivar	positive
moña	negative
muchisimas	positive
muchísimas	positive
mueca	negative
mueca_de_desprecio	negative
mueca_de_dolor	negative
muermo	negative
muerte	negative
muerto	negative
muerto_de_hambre	negative
mugre	negative
multa	negative
multar	negative
multiplicarse_por_cero	negative
mundano	negative
murio	negative
muy_aficionado	positive
muy_bien	positive
muy_grave	negative
muy_peligroso	negative
mágico	positive
máster	positive
mérito	positive
mísero	negative
mítico	positive
módico	positive
nada_de_el_otro_mundo	negative
nada_de_nada	negative
nada_recomendable	negative
nanay	negative
narices	negative
naufragar	negative
naufragio	negative
nauseabundamente	negative
nauseabundo	negative
navajazo	negative
necesidad	negative
necesitado	negative
necesitar	negative
neciamente	negative
necio	negative
nefasto	negative
negación	negative
negar	negative
negarse	negative
negativa	negative
negativo	negative
negligencia	negative
negligente	negative
negociar	positive
nerdo	negative
nerviosamente	negative
nerviosidad	negative
nerviosismo	negative
nervioso	negative
neurótico	negative
ni_fu_ni_fa	negative
nigga	negative
nivelar	positive
nivelarse	positive
no	negative
no_comerse_una_rosca	negative
no_creer	negative
no_cualificado	negative
no_deseado	negative
no_disponible	negative
no_entender	negative
no_gustarle_a_uno	negative
no_hacer_caso_de	negative
no_poder_estar	negative
no_ralles	negative
no_reconocer	negative
no_resuelto	negative
noble	positive
nocivamente	negative
nocivo	negative
nostalgia	negative
notable	positive
nuestro	positive
nuevo	positive
nula_profesionalidad	negative
nulo	negative
nutritivo	positive
náusea	negative
nítido	positive
oasis	positive
obediencia	positive
obediente	positive
obedientemente	positive
obeso	negative
objetos_de_valor	positive
obligación	negative
obligada_visita	positive
obligar	negative
obligatorio	negative
obra_maestra	positive
obscenamente	negative
obscenidad	negative
obscenidades	negative
obsceno	negative
obsesionar	negative
obsesivamente	negative
obsesivo	negative
obsesión	negative
obsoleto	negative
obstaculizar	negative
obstinado	negative
obstrucción	negative
obstruir	negative
obstruirse	negative
obstáculo	negative
obtener	positive
obtener_el_título	positive
obtuso	negative
obviedad	negative
ocultar	negative
oculto	negative
ocuparse_de	positive
odiar	negative
odio	negative
odiosamente	negative
odioso	negative
oeoeoeoeoeoeoe	positive
ofender	negative
ofensa	negative
ofensivamente	negative
ofensivo	negative
oferta	positive
ofrecer_su_amistad_a	positive
ojeriza	negative
ojeroso	negative
ojete	negative
ok	positive
okay	positive
ole	positive
olor_a_tabaco	negative
olvidar	negative
olvidarse	negative
olvidarse_de	negative
olvido	negative
olé	positive
omisión	negative
omiso	negative
omitir	negative
onda_expansiva	negative
ondear	positive
onerosamente	negative
oponer	negative
oponerse	negative
oponerse_a	negative
oportunamente	positive
oportuno	positive
oposición	negative
opresión	negative
opresor	negative
oprimir	negative
oprobio	negative
optimismo	positive
optimista	positive
ordenadamente	positive
ordenado	positive
ordenar	positive
orgullo	positive
original	positive
orina	negative
oro	positive
osadamente	positive
osado	positive
osadía	positive
osar	positive
oscuro	negative
ostentar	negative
ostia_puta	negative
otorgar	positive
ovación	positive
pachucho	negative
paciencia	positive
pacientemente	positive
pacifista	positive
pactar	positive
pacto	positive
pacíficamente	positive
pacífico	positive
pagar	negative
palabrota	negative
paleto	negative
palidecer	negative
paliza	negative
palizas	negative
palmarla	negative
palurda	negative
palurdo	negative
panoli	negative
papanatas	negative
papelón	negative
para_colmo	negative
para_olvidar	negative
parada_obligatoria	positive
parado	negative
paradójico	negative
paraiso	positive
paralización	negative
paralizar	negative
paranoia	negative
paranoico	negative
paraíso	positive
parcial	negative
parcialidad	negative
paria	negative
parida	negative
parlotear	negative
parloteo	negative
paro	negative
parodia	negative
parodiar	negative
parte_floja	negative
partidario	positive
partidazo	positive
partidista	negative
parásito	negative
pasada	negative
pasar_hambre	negative
pasar_lor_alto	negative
pasatiempo	positive
pasion	positive
pasivo	negative
pasión	positive
pasmado	negative
pasota	negative
pasotismo	negative
patada	negative
patriota	positive
patético	negative
paz	positive
pecado	negative
pecador	negative
pecadoramente	negative
pecaminosamente	negative
pecaminoso	negative
pecar	negative
pedante	negative
pedazo	positive
pedir	negative
pedófilo	negative
pega	negative
pegadizo	positive
pegajoso	negative
pegar	negative
pelea	negative
pelearse	negative
peligro	negative
peligrosamente	negative
peligroso	negative
pellizcar	negative
pellizco	negative
pelma	negative
pelmazo	negative
peloteo	negative
pelársela	negative
pena	negative
penalizar	negative
penar	negative
pencar	negative
pendejo	negative
pendenciero	negative
penetrante	positive
penitente	positive
penosamente	negative
penoso	negative
penumbra	negative
peor	negative
peor_enemigo	negative
peque	positive
pequeño_lujo	positive
percance	negative
perdedor	negative
perder	negative
perder_el_tiempo	negative
perder_la_esperanza	negative
perderse	negative
perdición	negative
perdido	negative
perdio	negative
perdon	positive
perdonar	positive
perecer	negative
pereza	negative
perezoso	negative
perfeccionamiento	positive
perfeccionar	positive
perfección	positive
perfectamente	positive
perfecto	positive
perito	positive
perjudicar	negative
perjudicial	negative
perjudicialmente	negative
perjuicio	negative
perla	positive
permiso	positive
permitir	positive
pernicioso	negative
pero	negative
perplejidad	negative
perplejo	negative
perra	negative
persecución	negative
perseguir	negative
perspicacia	positive
perspicaz	positive
perspicazmente	positive
persuasivamente	positive
pertinaz	negative
pertinazmente	negative
pertinente	positive
perturbación	negative
perturbar	negative
perversamente	negative
perversidad	negative
perversión	negative
perverso	negative
pervertido	negative
pervertir	negative
pesadamente	negative
pesadilla	negative
pesado	negative
pesar	negative
pesima	negative
pesimismo	negative
pesimista	negative
pesimo	negative
peste	negative
petardear	negative
petrificar	negative
petrificarse	negative
peyorativo	negative
pfff	negative
piadoso	positive
picado	negative
picadura	negative
picar	negative
picarse	negative
picota	negative
pifiar	negative
pifiarla	negative
pillaje	negative
pillo	negative
pinchar	negative
pinche	negative
pinga	negative
piojoso	negative
pipí	negative
piquete	negative
pisotear	negative
pizca	negative
placer	positive
plaga	negative
plagar	negative
plagiar	negative
playitaa	positive
pleno_centro	positive
poblacho	negative
pobre	negative
pobreza	negative
pocilga	negative
poco	negative
poco_amable	negative
poco_amistoso	negative
poco_apropiado	negative
poco_claro	negative
poco_delicado	negative
poco_dispuesto	negative
poco_fiable	negative
poco_fidedigno	negative
poco_honrado	negative
poco_natural	negative
poco_profundo	negative
poco_prometedor	negative
poco_práctico	negative
poco_razonable	negative
poco_rentable	negative
poderosamente	positive
poderoso	positive
podrido	negative
podrir	negative
polución	negative
polvoriento	negative
polémica	negative
polémico	negative
pomposo	negative
poner_en_libertad	positive
poner_en_peligro	negative
poner_en_ridículo	negative
poner_enfermo	negative
poner_nervioso	negative
poner_obstáculos_a	negative
poner_pegas	negative
poner_una_emboscada_a	negative
poner_una_multa	negative
ponerse_de_acuerdo	positive
popularidad	positive
populista	negative
por_supuesto	positive
porfin	positive
porqueria	negative
porquería	negative
portazo	negative
positivamente	positive
positivo	positive
postizo	negative
postre	positive
potar	negative
potencial	positive
potenciar	positive
potente	positive
potentemente	positive
potra	positive
poético	positive
pragmático	positive
precariamente	negative
precariedad	negative
precario	negative
precaución	positive
precio_abusivo	negative
precio_asequible	positive
precio_desorbitado	negative
preciosa	positive
preciosas	positive
preciosidad	positive
precioso	positive
precipitación	negative
precipitadamente	negative
precipitadamentemente	negative
precipitado	negative
precipitar	negative
preciso	positive
preferencia	positive
preguntarse	positive
prejuicio	negative
prejuzgar	negative
prematuro	negative
premiar	positive
premio	positive
preocupación	negative
preocupado	negative
preocupar	negative
preocuparse	negative
preparado	positive
prepotente	negative
presión	negative
preso	negative
prestigio	positive
prestigioso	positive
presumido	negative
presuntuosamente	negative
presuntuoso	negative
pretenciosamente	negative
pretencioso	negative
pretender	negative
prevaricación	negative
prevaricador	negative
prima	positive
primera_categoría	positive
primitivo	negative
pringada	negative
pringado	negative
pringao	negative
pringar	negative
prioridad	positive
prisa	negative
prisionero	negative
prisión	negative
privación	negative
privar	negative
probar	negative
problema	negative
problemas	negative
prodigio	positive
prodigiosamente	positive
prodigioso	positive
productivo	positive
proeza	positive
profanar	negative
profesionalidad	positive
progresar	positive
progreso	positive
prohibir	negative
prolífico	positive
promesa	positive
prometedor	positive
prometedoramente	positive
prometer	positive
prominencia	positive
prominente	positive
pronto	positive
pronunciar_mal	negative
propiciamente	positive
propicio	positive
proponer	positive
proporcionar	positive
propugnar	positive
proscrito	negative
prosperamente	positive
prosperar	positive
prosperidad	positive
protagonizar	positive
protección	positive
proteger	positive
protesta	negative
protestar	negative
provecho	positive
provechosamente	positive
provechoso	positive
providencia	positive
provocar	negative
provocativo	negative
proximidad	positive
prudencia	positive
prudente	positive
prudentemente	positive
práctico	positive
pródigo	negative
próspero	positive
publicidad_engañosa	negative
pucha	negative
pudrir	negative
pudrirse	negative
pueril	negative
puf	negative
puff	negative
pulcramente	positive
pulcro	positive
pulir	positive
pulla	negative
puntapié	negative
puntual	positive
punzada	negative
puro	positive
puta	negative
putear	negative
puto	negative
putrefacción	negative
puñalada	negative
puñeta	negative
puñetas	negative
puñetazo	negative
puñetero	negative
pálido	negative
pánico	negative
pérdida	negative
pésame	negative
pésima	negative
pésimamente	negative
pésimo	negative
pésimo_servicio	negative
pícaro	negative
que_no_tiene_precio	positive
que_tiene_un_valor_de	positive
que_tiene_éxito	positive
que_vale	positive
que_vale_la_pena	positive
quebradizo	negative
quebrado	negative
quebrantar	negative
quebrantarse	negative
quebrar	negative
queja	negative
quejar	negative
quejarse	negative
quejica	negative
quejido	negative
quemado	negative
quemadura	negative
quemarse	negative
querer	positive
querido	positive
quia	negative
quiebra	negative
quiero	positive
quierooooo	positive
quinqui	negative
quisquillosamente	negative
quisquilloso	negative
quitar	negative
quitar_importancia_a	negative
quitar_mérito	negative
quitarse_de_encima	negative
rabia	negative
rabiar	negative
rabieta	negative
racional	positive
racismo	negative
racista	negative
radiante	positive
rajar	negative
rajarse	negative
rallar	negative
ramera	negative
rancio	negative
rapidamente	positive
rapidez	positive
raquítico	negative
raramente	negative
raro	negative
rata	negative
rayar	negative
razonable	positive
razonablemente	positive
razonar	positive
razón	positive
reaccionario	negative
reaciamente	negative
reacio	negative
realización	positive
realizar	positive
realmente	positive
realzar	positive
reaparición	positive
rebelde	negative
rebuscado	negative
recaer	negative
recalcitrante	negative
recargo	negative
recaída	negative
recelar	negative
recelo	negative
recelosamente	negative
receloso	negative
recesion	negative
recesión	negative
rechazar	negative
rechazo	negative
recibir	positive
reclamacion	negative
reclamación	negative
reclamar	negative
recochineo	negative
recomendable	positive
recomendación	positive
recomendado	positive
recomendar	positive
recompensa	positive
recompensar	positive
reconciliación	positive
reconciliar	positive
reconfortante	positive
reconocer	positive
reconocimiento	positive
recortar	negative
recorte	negative
recortes	negative
recriminar	negative
rectificar	negative
rectitud	positive
recuerdos	positive
recuperar	positive
recuperarse	positive
recusar	negative
rediós	negative
reducción	negative
reducir	negative
reducir_la_velocidad	negative
redundante	negative
reemplazar	negative
refinado	positive
refinamiento	positive
refinar	positive
reforma	negative
reforzar	positive
refrescante	positive
refugiarse	positive
refugio	positive
refunfuñar	negative
refunfuñón	negative
refutar	negative
regalar	positive
regalo	positive
regañar	negative
regiamente	positive
regocijarse	positive
regocijo	positive
regresión	negative
regreso	positive
rehusar	negative
rehén	negative
reincidencia	negative
reincidir	negative
relajación	positive
relajado	positive
relajante	positive
relajar	positive
relajarse	positive
reluciente	positive
relucir	positive
remanso_de_paz	positive
remordimiento	negative
rencor	negative
rencorosamente	negative
rencoroso	negative
rendición	negative
rendir	negative
rendir_culto_a	positive
rendirse	negative
renombrado	positive
rentable	positive
renuncia	negative
renunciar	negative
renunciar_a	negative
reparar	positive
reparo	negative
repartir	positive
repeler	negative
repentino	negative
reponerse	positive
reprender	negative
reprensión	negative
represión	negative
reprimir	negative
reproche	negative
repudiar	negative
repugnancia	negative
repugnante	negative
repugnantemente	negative
repugnar	negative
repulsa	negative
repulsar	negative
rertorcido	negative
rescisión	negative
reseco	negative
resentimiento	negative
resfriado	negative
resignación	negative
resistencia	negative
resistente	positive
resistir	positive
resolver	positive
respaldar	positive
respaldar_a	positive
respaldo	positive
respetar	positive
respeto	positive
restar	negative
restaurar	positive
restringir	negative
resuelto	positive
retirar	negative
reto	positive
retorcer	negative
retorcerse	negative
retractarse	negative
retrasado	negative
retrasar	negative
retrasarse	negative
retraso	negative
retroceder	negative
retroceso	negative
reunir_las_condiciones_necesarias	positive
revelación	positive
reventarse	negative
reverenciar	positive
revolcarse	negative
revoltoso	negative
revuelo	negative
rezagarse	negative
reír	positive
reñir	negative
rico	positive
ridiculamente	negative
ridiculas	negative
ridiculizar	negative
ridiculos	negative
ridículo	negative
riesgo	negative
rimbombante	negative
riqueza	positive
riquisima	positive
riquisimas	positive
riquisimos	positive
riquísimo	positive
risa	positive
riña	negative
robar	negative
robo	negative
robusto	positive
rogar	negative
rompecabezas	negative
romper	negative
romperse	negative
romántico	positive
roto	negative
rotura	negative
roña	negative
roñosa	negative
roñoso	negative
rt	positive
rudo	negative
rufián	negative
ruido	negative
ruidos	negative
ruidosamente	negative
ruidoso	negative
ruin	negative
ruina	negative
ruinas	negative
ruinoso	negative
ruptura	negative
rácano	negative
rápido	positive
sabiamente	positive
sabiduría	positive
sabio	positive
saborear	positive
sabotaje	negative
sabotear	negative
sabroso	positive
saciar	positive
sacrílego	negative
sacudida	negative
sagaz	positive
sagazmente	positive
sagrado	positive
salado	positive
salamanca_para_comérsela	positive
salir_bien	positive
salir_corriendo	negative
salirse_de_sus_casillas	negative
saludable	positive
saludar	positive
saludo	positive
saludos	positive
salvación	positive
salvaguarda	positive
salvaguardar	positive
salvaje	negative
salvajemente	negative
salvar	positive
salvia	positive
sanción	negative
sangrante	negative
sangrar	negative
sangriento	negative
sangría	negative
sanguijuela	negative
sanguinario	negative
sano	positive
sanseacabó	negative
santo	positive
santuario	positive
santurrón	negative
saquear	negative
saqueo	negative
sarasa	negative
sarcasmo	negative
sarcástico	negative
sarpullido	negative
satisfacción	positive
satisfacer	positive
satisfactorio	positive
satisfecho	positive
saturar	negative
secta	negative
secuestrar	negative
sed	negative
seductoramente	positive
seguridad	positive
seguro	positive
selecto	positive
sencillo	positive
senil	negative
sensacional	positive
sensacionalmente	positive
sensatez	positive
sensato	positive
sensible	negative
sentar_bien	positive
sentar_mal	negative
sentido_común	positive
separar	negative
separarse	negative
sequía	negative
ser_aficionado	positive
ser_efusivo	positive
ser_injusto	negative
serenar	positive
serenarse	positive
serenidad	positive
sereno	positive
seriamente	negative
sermonear	negative
sermón	negative
serpentear	negative
servicio_atento	positive
servicio_exquisito	positive
servidumbre	negative
sesgo	negative
severamente	negative
severidad	negative
severo	negative
sexi	positive
señorial	positive
shock	negative
siiii	positive
silencioso	positive
simpaticamente	positive
simpaticos	positive
simpleza	negative
simplista	negative
simplón	negative
simpático	positive
sin	negative
sin_blanca	negative
sin_contratiempos	positive
sin_defecto	positive
sin_duda	positive
sin_escrupulos	negative
sin_esfuerzo	positive
sin_fundamento	negative
sin_motivo	negative
sin_pena_ni_gloria	negative
sin_razón	negative
sin_sentido	negative
sin_tacha	positive
sin_valor	negative
sin_éxito	negative
sinceramente	positive
sinceridad	positive
sincero	positive
singular	positive
siniestramente	negative
siniestro	negative
sinverguenzas	negative
sitiar	negative
snif	negative
sniff	negative
soberbia	negative
sobrepasar	positive
sobresaliente	positive
sobresalientemente	positive
sobresalir	positive
sobresaltar	negative
socavar	negative
sociable	positive
socorro	negative
sofisticado	positive
sofocante	negative
sofocantemente	negative
sofocar	negative
sofocarse	negative
sojuzgar	negative
soledad	negative
solemne	positive
solidamente	positive
solidaridad	positive
solidario	positive
solitariamente	negative
solitario	negative
sollozar	negative
sollozo	negative
solucionar	positive
solícito	positive
someter	negative
sonreír	positive
sonrisa	positive
soplón	negative
soportar	negative
sordo	negative
sorna	negative
sorry	negative
sosegado	positive
sosegar	positive
sosegarse	positive
soso	negative
sospecha	negative
sospechar	negative
sospechoso	negative
soñar	positive
soñar_despierto	positive
suave	positive
suavizar	positive
suavizarse	positive
subdesarrollado	negative
subestimar	negative
subir	positive
subirse_por_las_paredes	negative
sublevación	negative
sublime	positive
subscribirse	positive
suciedad	negative
sucio	negative
sucisimo	negative
sucumbir	negative
sudaca	negative
sudoroso	negative
suerte	positive
sueño	positive
sueños	positive
sufrimiento	negative
sufrir	negative
sufrir_angustiosamente	negative
sugerencia	positive
sugerir	positive
suicida	negative
suicidio	negative
sumir	negative
sumiso	negative
suntuosamente	positive
superar	positive
superchería	negative
superficial	negative
superficialmente	negative
superfluo	negative
superior	positive
superiores	positive
superlativo	positive
suplicar	negative
supremo	positive
supresión	negative
suprimir	negative
surrealista	negative
susceptible	negative
suscribir	positive
suscribirse	positive
suspender	negative
suspensión	negative
suspenso	negative
sustituir	negative
susto	negative
sutil	positive
sí	positive
sólo	negative
sórdido	negative
súplica	negative
tabú	negative
tacaño	negative
tachar	negative
taimado	negative
tajantemente	negative
talento	positive
tambalearse	negative
tardío	negative
tartamudear	negative
tartamudeo	negative
temazo	positive
temblar	negative
tembloroso	negative
temblón	negative
temer	negative
temerario	negative
temeridad	negative
temerosamente	negative
temeroso	negative
temible	negative
temor	negative
tempestad	negative
tempestuoso	negative
tenacidad	positive
tenaz	positive
tenebroso	negative
tener_antipatía_a	negative
tener_como_protagonista_a	positive
tener_en_cuenta	positive
tener_miedo	negative
tener_pavor_a	negative
tener_una_avería	negative
tener_éxito	positive
tensar	negative
tensión	negative
tenso	negative
tentación	negative
tentador	positive
tentadoramente	positive
tercamente	negative
tercermundista	negative
terco	negative
tergiversación	negative
tergiversar	negative
ternura	positive
terquedad	negative
terremoto	negative
terrible	negative
terriblemente	negative
terror	negative
terrorismo	negative
terrorista	negative
tesoro	positive
testarudez	negative
testarudo	negative
tetrico	negative
thx	positive
tiburón	negative
tierno	positive
tijeretazo	negative
timador	negative
timar	negative
timidamente	negative
timidez	negative
timo	negative
tinieblas	negative
tirano	negative
tiranía	negative
tiritar	negative
tiro_errado	negative
tiránico	negative
titán	positive
tks	positive
tod@s	positive
todo	positive
todopoderoso	positive
tods	positive
tolerante	positive
tolerar	positive
tomadura	negative
tomadura_de_pelo	negative
tomar_el_pelo	negative
tomar_represalias_contra	negative
tontamente	negative
tonterías	negative
tonto	negative
torcedura	negative
torcer	negative
torcerse	negative
torcido	negative
tormenta	negative
tormento	negative
tormentoso	negative
torpe	negative
torpemente	negative
torrente	negative
tortazo	negative
tortuosamente	negative
tortuoso	negative
tortura	negative
torturar	negative
toscamente	negative
tosco	negative
totalitario	negative
trabajo_duro	negative
tragedia	negative
traicionar	negative
traicioneramente	negative
traicionero	negative
traición	negative
traidor	negative
trama	negative
tramar	negative
trampa	negative
tramposo	negative
tranquilamente	positive
tranquilidad	positive
tranquilizar	positive
tranquilo	positive
transparente	positive
traste	negative
trasto_inútil	negative
trastornado	negative
trastornar	negative
trastorno	negative
tratar_con_condescendencia	negative
trato	positive
trato_familiar	positive
traumático	negative
travesura	negative
travieso	negative
trazar	negative
tremendo	negative
trincar	negative
triste	negative
tristemente	negative
tristeza	negative
triunfal	positive
triunfante	positive
triunfantemente	positive
triunfar	positive
triunfo	positive
triza	negative
trola	negative
tropezar	negative
tropezón	negative
truño	negative
tráfico	negative
trágico	negative
tt	positive
tufo	negative
tugurio	negative
tumba	negative
tumbarse_al_sol	positive
tumulto	negative
tumultuosamente	negative
tumultuoso	negative
turbación	negative
turbado	negative
turbar	negative
turbio	negative
turbulento	negative
tururú	negative
ty	positive
tétrico	negative
tímido	negative
títere	negative
tóxico	negative
ubicación_fantástica	positive
ubicación_ideal	positive
ultimátum	negative
ultrajar	negative
ultraje	negative
una_y_no_más	negative
unirse	positive
unánime	positive
urgencia	negative
urgente	negative
urgentemente	negative
usurpar	negative
utilidad	positive
vacaciones	positive
vaciar	negative
vaciarse	negative
vacilar	negative
vacío	negative
vagabundo	negative
vago	negative
vaguear	negative
vale	positive
valedero	positive
valentía	positive
valerosamente	positive
valeroso	positive
validez	positive
valiente	positive
valientemente	positive
valioso	positive
valor	positive
valorar	positive
valorarse	positive
valorizarse	positive
vandalismo	negative
vanidad	negative
vanidosamente	negative
vanidoso	negative
vano	negative
vaya	negative
vaya_por_dios	negative
vedar	negative
veloz	positive
vencedor	positive
vencer	positive
vencer_a	positive
vencido	negative
veneno	negative
venenosamente	negative
venenoso	negative
venerable	positive
venerar	positive
venganza	negative
vengativamente	negative
vengativo	negative
venir_bien_a	positive
ventaja	positive
ventajoso	positive
veraz	positive
verdad	positive
verdadero	positive
verdugo	negative
vergonzosamente	negative
vergonzoso	negative
verguenza	negative
vergüenza	negative
versatilidad	positive
versátil	positive
vertedero	negative
verídico	positive
vetar	negative
veto	negative
viabilidad	positive
viable	positive
vibrante	positive
vibrantemente	positive
vicio	negative
victimar	negative
victoria	positive
victorioso	positive
viejisima	negative
vigor	positive
vigorizante	positive
vigorizar	positive
vigorosamente	positive
vigoroso	positive
vil	negative
vilipendiar	negative
vilmente	negative
violación	negative
violador	negative
violar	negative
violencia	negative
violentamente	negative
violento	negative
virtud	positive
virtuosamente	positive
virtuoso	positive
virulencia	negative
virulentamente	negative
virulento	negative
virus	negative
visionario	positive
visita_obligada	positive
vistas_increíbles	positive
visto_bueno	positive
vital	positive
vitalidad	positive
vitorear	positive
viva	positive
viveza	positive
vivo	positive
vociferante	negative
vociferar	negative
voladura	negative
volar	negative
volcar	negative
volátil	negative
vomitar	negative
vomitivo	negative
vulgar	negative
válido	positive
vándalo	negative
víbora	negative
víctima	negative
vómito	negative
wapa	positive
wifi_gratuito	positive
wtf	negative
yeah	positive
yermo	negative
yupi	positive
zarrías	negative
zopenco	negative
zoquete	negative
zorra	negative
zozobrar	negative
zumbado	negative
zumbido	negative
zurcido	negative
zurcir	negative
zurrar	negative
zángano	negative
ácido	negative
ágil	positive
ángel	positive
ánimo	positive
áspero	negative
épico	positive
ético	positive
éxito	positive
éxtasis	positive
ídolo	positive
ímpetu	positive
ínfimo	negative
íntegro	positive
íntimo	positive
ñam	positive
úlcera	negative
único	positive
útil	positive
